source,target,weight
change,climate,2311
change,global,349
change,international,135
change,action,325
change,including,84
change,role,88
change,help,140
change,agreement,120
change,deliver,121
change,commitments,49
change,nature,216
change,development,104
change,long,97
change,support,123
change,paris,117
change,back,94
change,made,102
change,next,102
change,carbon,202
change,supply,58
change,power,86
change,economic,140
change,together,155
change,making,83
change,businesses,100
change,private,57
change,investment,96
change,clean,64
change,energy,183
change,cost,56
change,net,173
change,zero,200
change,future,207
change,transition,81
change,solutions,97
change,put,90
change,industry,66
change,work,223
change,environmental,122
change,cop,247
change,working,117
change,set,75
change,natural,86
change,million,89
change,scale,72
change,better,163
change,governments,72
change,across,121
change,around,193
change,lot,85
change,green,132
change,finance,137
change,financial,75
change,last,167
change,end,72
change,based,74
change,communities,138
change,billion,99
change,different,62
change,let,92
change,start,84
change,point,93
change,risk,148
change,water,164
change,emissions,267
change,progress,88
change,economy,148
change,adaptation,130
change,mean,86
change,means,103
change,infrastructure,106
change,public,86
change,sector,88
change,market,47
change,every,122
change,part,128
change,companies,111
change,flood,99
change,reduce,102
change,crisis,106
change,resilience,120
change,example,101
change,good,123
change,growth,82
change,environment,233
change,agency,93
change,opportunity,81
change,health,156
change,policy,74
change,forward,73
change,course,110
change,sustainable,99
change,right,201
change,build,95
change,technology,58
change,great,72
change,question,61
change,business,120
change,big,77
climate,global,781
climate,international,354
climate,action,910
climate,including,206
climate,role,189
climate,help,324
climate,working,259
climate,paris,270
climate,agreement,252
climate,deliver,243
climate,commitments,219
climate,nature,485
climate,development,288
climate,long,183
climate,support,288
climate,back,196
climate,made,227
climate,good,270
climate,growth,172
climate,crisis,418
climate,point,146
climate,part,297
climate,clean,172
climate,energy,435
climate,industry,149
climate,future,430
climate,transition,191
climate,last,393
climate,every,252
climate,billion,290
climate,private,202
climate,investment,282
climate,cost,100
climate,net,341
climate,zero,450
climate,health,226
climate,communities,285
climate,together,367
climate,green,314
climate,carbon,387
climate,solutions,199
climate,put,168
climate,cop,718
climate,finance,648
climate,across,252
climate,million,177
climate,making,203
climate,scale,139
climate,based,127
climate,course,262
climate,sustainable,195
climate,environmental,197
climate,work,448
climate,set,181
climate,resilience,288
climate,infrastructure,244
climate,environment,422
climate,emissions,518
climate,question,145
climate,natural,121
climate,better,270
climate,governments,185
climate,reduce,163
climate,risk,368
climate,around,400
climate,lot,152
climate,adaptation,383
climate,means,179
climate,financial,216
climate,progress,209
climate,market,76
climate,start,155
climate,economy,270
climate,companies,253
climate,build,176
climate,businesses,209
climate,end,159
climate,different,122
climate,let,197
climate,water,263
climate,supply,72
climate,next,200
climate,flood,186
climate,agency,179
climate,big,95
climate,mean,142
climate,power,139
climate,public,185
climate,sector,159
climate,business,263
climate,economic,307
climate,right,360
climate,example,201
climate,technology,96
climate,forward,169
climate,opportunity,141
climate,great,167
climate,policy,156
global,international,159
global,action,237
global,including,67
global,commitments,91
global,nature,200
global,energy,217
global,crisis,117
global,let,77
global,working,99
global,across,125
global,help,108
global,support,120
global,businesses,61
global,point,67
global,right,111
global,last,155
global,business,98
global,public,56
global,around,177
global,growth,70
global,clean,125
global,good,93
global,every,116
global,course,117
global,net,198
global,long,70
global,agency,28
global,transition,126
global,industry,105
global,future,155
global,solutions,65
global,deliver,60
global,put,70
global,cop,238
global,governments,86
global,natural,62
global,cost,57
global,economic,140
global,economy,187
global,finance,140
global,better,50
global,investment,102
global,health,61
global,environment,153
global,set,82
global,environmental,89
global,lot,72
global,work,167
global,financial,74
global,development,83
global,means,65
global,private,57
global,role,70
global,green,127
global,zero,248
global,sustainable,88
global,market,51
global,opportunity,47
global,build,65
global,agreement,142
global,part,116
global,million,83
global,communities,65
global,end,75
global,adaptation,125
global,progress,104
global,emissions,298
global,making,53
global,paris,133
global,resilience,79
global,made,82
global,scale,64
global,power,101
global,water,71
global,risk,85
global,supply,81
global,together,190
global,forward,69
global,next,88
global,different,47
global,sector,116
global,policy,72
global,great,47
global,reduce,71
global,back,81
global,example,75
global,billion,84
global,infrastructure,36
global,technology,33
global,carbon,144
global,start,46
global,big,44
global,mean,70
global,companies,106
global,flood,11
global,based,67
global,question,44
international,action,120
international,including,44
international,role,24
international,deliver,42
international,commitments,41
international,nature,54
international,development,104
international,long,24
international,support,89
international,energy,117
international,business,25
international,public,37
international,around,76
international,businesses,24
international,industry,29
international,set,32
international,market,17
international,crisis,40
international,growth,25
international,every,27
international,last,46
international,agency,51
international,transition,65
international,together,88
international,finance,149
international,resilience,36
international,infrastructure,26
international,environment,78
international,emissions,67
international,future,36
international,question,14
international,economy,35
international,better,26
international,investment,47
international,health,17
international,economic,48
international,lot,16
international,work,116
international,cop,132
international,adaptation,58
international,million,36
international,billion,87
international,solutions,27
international,means,19
international,private,47
international,green,55
international,environmental,42
international,communities,38
international,financial,29
international,help,49
international,good,27
international,progress,46
international,next,40
international,build,26
international,sustainable,55
international,reduce,23
international,great,23
international,let,26
international,making,28
international,water,18
international,power,49
international,end,44
international,clean,58
international,example,16
international,working,56
international,forward,35
international,scale,26
international,net,41
international,zero,68
international,part,41
international,agreement,32
international,based,16
international,sector,45
international,flood,11
international,risk,12
international,made,26
international,mean,7
international,back,23
international,governments,40
international,paris,32
international,carbon,30
international,policy,30
international,opportunity,12
international,different,10
international,course,44
international,supply,17
international,across,49
international,natural,9
international,right,29
international,big,10
international,put,19
international,companies,17
international,point,16
international,cost,13
international,start,15
international,technology,16
action,including,71
action,role,55
action,help,110
action,working,119
action,paris,75
action,agreement,76
action,deliver,71
action,commitments,100
action,let,68
action,across,117
action,energy,95
action,support,115
action,businesses,62
action,long,49
action,cost,22
action,governments,98
action,part,98
action,right,95
action,crisis,52
action,lot,37
action,every,84
action,industry,39
action,transition,53
action,nature,117
action,solutions,45
action,put,60
action,cop,269
action,forward,74
action,million,42
action,making,56
action,good,72
action,progress,76
action,scale,45
action,based,47
action,carbon,79
action,course,94
action,sustainable,76
action,environmental,46
action,future,101
action,question,34
action,emissions,146
action,net,115
action,zero,171
action,environment,106
action,economic,63
action,natural,33
action,around,117
action,better,64
action,set,67
action,reduce,46
action,risk,60
action,work,138
action,green,79
action,finance,196
action,together,140
action,financial,41
action,market,25
action,opportunity,45
action,investment,41
action,start,36
action,last,105
action,billion,45
action,point,34
action,communities,44
action,economy,59
action,infrastructure,22
action,adaptation,150
action,health,34
action,power,58
action,next,75
action,resilience,74
action,made,67
action,growth,30
action,build,64
action,means,46
action,public,56
action,clean,77
action,back,57
action,different,19
action,agency,25
action,technology,22
action,water,50
action,example,38
action,big,17
action,policy,53
action,great,39
action,end,47
action,development,90
action,mean,26
action,private,46
action,sector,64
action,business,99
action,supply,19
action,flood,20
action,companies,70
including,role,30
including,help,38
including,long,18
including,support,77
including,commitments,29
including,work,68
including,across,54
including,environmental,42
including,water,53
including,sector,32
including,environment,79
including,around,43
including,clean,28
including,energy,88
including,infrastructure,50
including,every,31
including,development,35
including,future,44
including,net,38
including,zero,48
including,billion,41
including,private,22
including,investment,48
including,working,52
including,together,44
including,deliver,15
including,nature,76
including,green,51
including,growth,25
including,carbon,60
including,health,15
including,businesses,23
including,cop,74
including,forward,34
including,finance,82
including,million,35
including,made,28
including,natural,25
including,sustainable,37
including,policy,20
including,set,29
including,next,27
including,build,28
including,scale,16
including,financial,26
including,end,20
including,transition,30
including,based,32
including,solutions,18
including,communities,44
including,cost,7
including,agreement,21
including,put,20
including,emissions,43
including,lot,14
including,start,14
including,industry,23
including,different,15
including,let,13
including,adaptation,38
including,governments,34
including,market,16
including,part,36
including,making,18
including,agency,22
including,flood,33
including,right,29
including,example,26
including,last,41
including,companies,32
including,supply,13
including,reduce,20
including,power,32
including,paris,16
including,economic,31
including,resilience,21
including,crisis,19
including,good,27
including,means,11
including,business,23
including,public,24
including,back,27
including,great,14
including,progress,29
including,course,27
including,risk,30
including,economy,26
including,point,13
including,better,29
including,mean,17
including,big,13
including,opportunity,18
including,technology,11
including,question,6
role,help,46
role,working,45
role,support,41
role,commitments,14
role,nature,46
role,paris,22
role,agreement,23
role,back,32
role,growth,20
role,good,34
role,last,27
role,private,33
role,sector,47
role,billion,13
role,investment,45
role,course,46
role,governments,40
role,cop,60
role,made,24
role,million,16
role,financial,26
role,economy,27
role,next,33
role,build,23
role,scale,30
role,carbon,51
role,finance,68
role,natural,15
role,business,36
role,companies,34
role,environment,57
role,agency,18
role,flood,18
role,right,42
role,water,16
role,sustainable,36
role,part,37
role,communities,23
role,across,29
role,work,42
role,deliver,27
role,better,23
role,economic,24
role,risk,20
role,environmental,28
role,forward,40
role,energy,62
role,resilience,20
role,progress,9
role,power,20
role,example,23
role,every,19
role,businesses,26
role,together,31
role,green,53
role,industry,42
role,lot,43
role,public,46
role,making,20
role,let,33
role,supply,17
role,crisis,7
role,opportunity,17
role,future,49
role,emissions,41
role,reduce,23
role,put,27
role,adaptation,29
role,net,47
role,zero,57
role,clean,13
role,technology,24
role,set,15
role,means,17
role,around,41
role,great,25
role,solutions,27
role,transition,52
role,infrastructure,24
role,cost,10
role,market,25
role,health,13
role,end,9
role,policy,32
role,based,22
role,development,29
role,long,12
role,point,28
role,big,27
role,different,23
role,question,30
role,mean,23
role,start,14
help,working,86
help,across,51
help,energy,121
help,support,126
help,businesses,47
help,long,31
help,crisis,30
help,good,63
help,growth,44
help,point,36
help,part,64
help,clean,56
help,last,64
help,cost,43
help,infrastructure,56
help,making,47
help,economy,64
help,nature,107
help,health,49
help,communities,73
help,deliver,51
help,together,90
help,cop,95
help,set,50
help,million,44
help,finance,88
help,green,129
help,transition,82
help,emissions,74
help,net,62
help,zero,97
help,commitments,25
help,carbon,95
help,water,71
help,environmental,56
help,reduce,69
help,risk,54
help,private,67
help,sector,81
help,investment,88
help,scale,28
help,let,48
help,policy,44
help,right,86
help,great,27
help,flood,53
help,natural,42
help,end,27
help,lot,73
help,start,33
help,industry,89
help,financial,38
help,around,68
help,agreement,40
help,adaptation,41
help,public,57
help,business,61
help,governments,52
help,companies,82
help,supply,29
help,put,41
help,example,50
help,power,58
help,based,41
help,solutions,50
help,future,75
help,back,37
help,development,54
help,technology,54
help,billion,48
help,build,61
help,made,36
help,work,127
help,economic,46
help,market,49
help,forward,31
help,environment,107
help,sustainable,69
help,different,43
help,big,41
help,resilience,40
help,every,40
help,mean,35
help,agency,39
help,better,70
help,paris,20
help,means,29
help,next,40
help,opportunity,28
help,progress,31
help,course,45
help,question,28
working,paris,30
working,agreement,27
working,deliver,39
working,clean,51
working,energy,97
working,crisis,26
working,let,43
working,across,92
working,support,67
working,businesses,45
working,million,31
working,last,57
working,cost,16
working,infrastructure,29
working,making,39
working,part,59
working,economy,58
working,communities,52
working,nature,72
working,together,189
working,put,27
working,cop,136
working,forward,67
working,work,144
working,good,47
working,progress,55
working,made,41
working,finance,130
working,carbon,56
working,scale,38
working,based,31
working,set,29
working,green,81
working,environment,81
working,around,73
working,risk,29
working,water,54
working,companies,68
working,supply,28
working,build,41
working,commitments,30
working,future,62
working,governments,52
working,great,31
working,investment,73
working,industry,69
working,lot,53
working,public,40
working,environmental,36
working,sector,78
working,long,28
working,means,33
working,different,34
working,natural,24
working,every,44
working,technology,25
working,better,54
working,start,30
working,agency,31
working,point,48
working,policy,43
working,end,35
working,market,15
working,economic,33
working,development,74
working,example,46
working,billion,43
working,sustainable,82
working,resilience,27
working,flood,31
working,business,64
working,transition,65
working,power,43
working,financial,48
working,solutions,34
working,next,55
working,right,59
working,net,58
working,zero,90
working,course,95
working,opportunity,25
working,reduce,28
working,private,42
working,emissions,48
working,growth,29
working,adaptation,42
working,big,26
working,mean,40
working,health,20
working,back,38
working,question,31
paris,agreement,309
paris,deliver,20
paris,commitments,49
paris,support,33
paris,nature,26
paris,back,27
paris,adaptation,30
paris,net,62
paris,zero,69
paris,good,20
paris,cop,125
paris,progress,43
paris,forward,23
paris,together,70
paris,crisis,26
paris,point,23
paris,let,25
paris,economy,19
paris,energy,41
paris,investment,15
paris,last,41
paris,clean,28
paris,future,28
paris,carbon,41
paris,emissions,94
paris,made,39
paris,every,40
paris,technology,9
paris,environment,14
paris,power,31
paris,set,23
paris,financial,21
paris,making,15
paris,part,27
paris,public,16
paris,governments,26
paris,businesses,12
paris,transition,27
paris,infrastructure,5
paris,growth,11
paris,market,10
paris,start,11
paris,finance,73
paris,around,34
paris,course,47
paris,long,20
paris,business,14
paris,resilience,10
paris,private,19
paris,scale,20
paris,million,6
paris,risk,9
paris,better,9
paris,build,21
paris,put,25
paris,great,16
paris,billion,20
paris,end,19
paris,next,31
paris,example,12
paris,agency,9
paris,communities,8
paris,right,24
paris,sustainable,22
paris,development,36
paris,work,39
paris,based,8
paris,natural,7
paris,opportunity,10
paris,sector,21
paris,means,17
paris,mean,8
paris,companies,26
paris,across,28
paris,reduce,13
paris,policy,10
paris,lot,16
paris,economic,9
paris,environmental,5
paris,solutions,9
paris,green,26
paris,water,9
paris,health,9
paris,cost,5
paris,supply,5
paris,question,8
paris,industry,6
agreement,deliver,28
agreement,commitments,45
agreement,nature,37
agreement,back,19
agreement,cost,9
agreement,cop,117
agreement,put,22
agreement,natural,7
agreement,environment,18
agreement,part,37
agreement,future,34
agreement,adaptation,30
agreement,resilience,13
agreement,last,43
agreement,next,39
agreement,set,20
agreement,public,18
agreement,sector,19
agreement,right,14
agreement,forward,26
agreement,together,58
agreement,progress,46
agreement,point,20
agreement,let,23
agreement,economy,18
agreement,net,61
agreement,zero,76
agreement,clean,21
agreement,energy,37
agreement,sustainable,24
agreement,development,34
agreement,example,12
agreement,billion,23
agreement,across,34
agreement,million,8
agreement,emissions,87
agreement,green,29
agreement,agency,8
agreement,carbon,36
agreement,mean,13
agreement,financial,20
agreement,making,13
agreement,every,38
agreement,power,37
agreement,governments,21
agreement,businesses,15
agreement,economic,17
agreement,growth,8
agreement,market,10
agreement,made,30
agreement,good,15
agreement,finance,70
agreement,technology,8
agreement,around,35
agreement,private,19
agreement,work,39
agreement,scale,18
agreement,risk,7
agreement,build,22
agreement,support,31
agreement,end,15
agreement,start,6
agreement,policy,18
agreement,communities,12
agreement,long,24
agreement,business,21
agreement,course,41
agreement,based,9
agreement,transition,24
agreement,better,7
agreement,means,14
agreement,companies,29
agreement,investment,20
agreement,lot,8
agreement,crisis,17
agreement,environmental,11
agreement,solutions,10
agreement,health,8
agreement,great,11
agreement,supply,12
agreement,big,5
agreement,question,7
agreement,reduce,15
agreement,opportunity,10
agreement,industry,9
deliver,commitments,37
deliver,back,18
deliver,made,33
deliver,set,40
deliver,next,19
deliver,carbon,37
deliver,supply,24
deliver,power,30
deliver,economic,33
deliver,together,50
deliver,making,12
deliver,support,58
deliver,environment,44
deliver,business,29
deliver,good,28
deliver,across,28
deliver,right,36
deliver,health,13
deliver,communities,24
deliver,nature,66
deliver,green,47
deliver,growth,23
deliver,solutions,14
deliver,put,24
deliver,billion,54
deliver,million,29
deliver,sustainable,37
deliver,cop,96
deliver,progress,32
deliver,finance,90
deliver,governments,21
deliver,industry,27
deliver,businesses,13
deliver,work,65
deliver,net,52
deliver,zero,56
deliver,scale,21
deliver,investment,36
deliver,let,16
deliver,great,11
deliver,public,28
deliver,sector,28
deliver,private,28
deliver,natural,26
deliver,part,31
deliver,better,30
deliver,last,33
deliver,future,48
deliver,clean,39
deliver,build,18
deliver,long,20
deliver,end,15
deliver,companies,37
deliver,energy,53
deliver,cost,14
deliver,market,9
deliver,forward,20
deliver,water,21
deliver,emissions,47
deliver,infrastructure,26
deliver,lot,8
deliver,economy,42
deliver,around,44
deliver,development,29
deliver,crisis,17
deliver,financial,15
deliver,policy,22
deliver,resilience,32
deliver,adaptation,36
deliver,agency,13
deliver,flood,24
deliver,means,18
deliver,every,27
deliver,technology,17
deliver,course,34
deliver,reduce,9
deliver,environmental,37
deliver,opportunity,20
deliver,risk,15
deliver,example,17
deliver,start,12
deliver,point,10
deliver,transition,29
deliver,big,16
deliver,different,11
deliver,question,11
deliver,based,11
deliver,mean,11
commitments,support,41
commitments,nature,29
commitments,back,18
commitments,environmental,14
commitments,water,6
commitments,work,56
commitments,sector,24
commitments,environment,19
commitments,future,34
commitments,forward,56
commitments,cop,124
commitments,billion,46
commitments,finance,88
commitments,scale,13
commitments,based,15
commitments,carbon,37
commitments,course,44
commitments,sustainable,16
commitments,development,25
commitments,adaptation,38
commitments,across,28
commitments,last,38
commitments,made,132
commitments,clean,31
commitments,power,25
commitments,build,18
commitments,together,38
commitments,means,9
commitments,good,17
commitments,net,105
commitments,zero,133
commitments,energy,41
commitments,investment,18
commitments,put,21
commitments,progress,54
commitments,emissions,93
commitments,end,33
commitments,every,27
commitments,million,11
commitments,green,19
commitments,economic,12
commitments,communities,9
commitments,cost,6
commitments,transition,22
commitments,governments,29
commitments,next,32
commitments,businesses,8
commitments,solutions,9
commitments,right,20
commitments,economy,17
commitments,reduce,12
commitments,around,43
commitments,part,26
commitments,example,13
commitments,set,21
commitments,better,10
commitments,risk,11
commitments,financial,26
commitments,making,17
commitments,health,17
commitments,opportunity,13
commitments,long,19
commitments,let,13
commitments,supply,9
commitments,companies,30
commitments,agency,5
commitments,market,17
commitments,private,12
commitments,great,5
commitments,business,18
commitments,big,19
commitments,crisis,12
commitments,public,10
commitments,growth,5
commitments,point,10
commitments,policy,7
commitments,industry,13
commitments,resilience,7
commitments,lot,15
commitments,start,8
commitments,question,13
commitments,mean,8
commitments,different,6
nature,development,72
nature,long,43
nature,support,102
nature,back,73
nature,growth,34
nature,good,79
nature,last,72
nature,work,121
nature,businesses,40
nature,clean,79
nature,energy,74
nature,great,60
nature,health,95
nature,communities,80
nature,together,94
nature,green,106
nature,carbon,80
nature,industry,33
nature,transition,41
nature,solutions,148
nature,put,39
nature,cop,165
nature,forward,53
nature,billion,93
nature,finance,167
nature,million,48
nature,based,136
nature,course,82
nature,sustainable,74
nature,governments,45
nature,environmental,85
nature,environment,170
nature,economic,97
nature,cost,45
nature,natural,128
nature,around,108
nature,better,79
nature,set,62
nature,reduce,30
nature,risk,108
nature,lot,58
nature,financial,118
nature,future,88
nature,investment,132
nature,private,66
nature,sector,60
nature,means,51
nature,public,67
nature,economy,63
nature,every,72
nature,scale,51
nature,market,31
nature,part,91
nature,policy,42
nature,next,50
nature,build,46
nature,big,36
nature,water,79
nature,let,51
nature,across,71
nature,right,102
nature,opportunity,67
nature,progress,45
nature,start,42
nature,made,40
nature,point,51
nature,example,59
nature,adaptation,55
nature,flood,38
nature,end,46
nature,crisis,103
nature,power,42
nature,supply,38
nature,infrastructure,39
nature,technology,14
nature,resilience,71
nature,emissions,68
nature,different,31
nature,net,68
nature,zero,84
nature,making,48
nature,business,56
nature,agency,21
nature,companies,35
nature,mean,39
nature,question,22
development,long,25
development,support,81
development,infrastructure,41
development,every,28
development,clean,42
development,energy,74
development,build,33
development,power,33
development,course,39
development,sustainable,119
development,finance,128
development,governments,19
development,industry,40
development,businesses,14
development,work,79
development,cop,58
development,set,37
development,million,54
development,means,23
development,public,32
development,market,30
development,environmental,32
development,last,43
development,green,60
development,part,39
development,policy,36
development,next,36
development,technology,34
development,growth,40
development,financial,21
development,economic,65
development,together,58
development,environment,80
development,agency,22
development,transition,37
development,forward,41
development,natural,26
development,resilience,31
development,crisis,17
development,future,44
development,example,30
development,risk,57
development,back,39
development,billion,54
development,question,19
development,progress,31
development,across,33
development,business,36
development,around,47
development,water,41
development,communities,32
development,making,22
development,better,41
development,mean,15
development,private,39
development,sector,34
development,investment,59
development,zero,27
development,emissions,25
development,economy,38
development,flood,23
development,supply,10
development,big,21
development,solutions,22
development,point,18
development,adaptation,37
development,good,36
development,companies,22
development,reduce,22
development,carbon,33
development,different,18
development,net,23
development,let,24
development,end,13
development,great,27
development,based,19
development,opportunity,14
development,right,37
development,scale,25
development,cost,29
development,health,21
development,put,12
development,made,14
development,lot,21
development,start,17
long,support,52
long,energy,103
long,businesses,26
long,crisis,17
long,point,30
long,right,47
long,part,37
long,forward,32
long,next,31
long,public,28
long,opportunity,21
long,work,56
long,great,20
long,clean,36
long,future,41
long,investment,54
long,billion,29
long,start,24
long,power,28
long,set,30
long,around,50
long,carbon,55
long,supply,16
long,together,35
long,making,20
long,cost,28
long,governments,18
long,transition,21
long,last,47
long,every,45
long,natural,19
long,water,39
long,flood,47
long,environmental,34
long,policy,38
long,environment,53
long,emissions,54
long,sustainable,47
long,communities,31
long,infrastructure,41
long,good,28
long,different,33
long,industry,46
long,back,24
long,sector,39
long,progress,34
long,means,23
long,resilience,25
long,mean,34
long,private,18
long,build,19
long,made,19
long,economic,27
long,course,34
long,economy,37
long,solutions,19
long,market,21
long,financial,17
long,million,22
long,growth,20
long,zero,54
long,adaptation,26
long,across,24
long,green,40
long,agency,19
long,finance,46
long,business,27
long,example,26
long,technology,28
long,companies,36
long,put,24
long,risk,27
long,big,27
long,better,40
long,end,28
long,scale,28
long,health,13
long,let,30
long,lot,23
long,net,37
long,cop,35
long,based,13
long,reduce,19
long,question,12
support,work,121
support,across,66
support,environmental,80
support,water,40
support,energy,118
support,businesses,57
support,crisis,35
support,point,25
support,right,92
support,last,48
support,big,23
support,clean,60
support,public,63
support,future,67
support,investment,96
support,economic,69
support,together,74
support,making,43
support,cost,33
support,governments,53
support,transition,109
support,policy,94
support,every,48
support,good,44
support,health,39
support,communities,37
support,cop,92
support,set,38
support,million,80
support,finance,127
support,green,138
support,industry,61
support,solutions,22
support,billion,90
support,sustainable,87
support,made,37
support,natural,27
support,environment,67
support,adaptation,46
support,private,41
support,scale,39
support,market,27
support,part,48
support,build,52
support,carbon,83
support,sector,53
support,next,53
support,opportunity,23
support,risk,38
support,financial,55
support,progress,35
support,great,28
support,example,60
support,emissions,64
support,start,21
support,put,30
support,around,84
support,resilience,32
support,supply,23
support,growth,44
support,end,39
support,companies,38
support,economy,53
support,infrastructure,46
support,forward,34
support,back,35
support,power,70
support,net,61
support,zero,86
support,reduce,29
support,business,47
support,agency,12
support,means,22
support,better,40
support,flood,17
support,course,63
support,technology,46
support,different,24
support,based,27
support,let,32
support,mean,22
support,lot,46
support,question,31
back,made,22
back,build,106
back,clean,26
back,power,25
back,across,34
back,economy,43
back,energy,80
back,let,62
back,end,34
back,every,41
back,last,68
back,crisis,30
back,flood,16
back,environment,53
back,set,28
back,better,111
back,great,38
back,environmental,35
back,lot,60
back,together,55
back,cop,50
back,put,48
back,water,38
back,industry,56
back,next,56
back,reduce,21
back,carbon,76
back,future,66
back,agency,16
back,different,48
back,transition,31
back,around,50
back,infrastructure,31
back,forward,28
back,public,28
back,million,30
back,scale,25
back,work,55
back,natural,23
back,part,53
back,finance,28
back,green,61
back,financial,21
back,example,55
back,risk,33
back,mean,39
back,point,56
back,progress,22
back,policy,49
back,resilience,31
back,economic,61
back,business,69
back,communities,39
back,start,37
back,technology,30
back,private,17
back,sector,38
back,businesses,31
back,cost,31
back,billion,11
back,investment,29
back,sustainable,36
back,growth,20
back,companies,47
back,good,51
back,course,54
back,net,53
back,right,105
back,health,43
back,based,35
back,supply,33
back,big,40
back,governments,26
back,means,22
back,adaptation,7
back,opportunity,53
back,emissions,49
back,zero,63
back,question,57
back,solutions,23
back,making,24
back,market,21
made,making,17
made,good,29
made,progress,90
made,finance,87
made,carbon,62
made,million,18
made,course,62
made,governments,31
made,cop,115
made,natural,20
made,billion,36
made,green,44
made,end,35
made,financial,23
made,point,35
made,better,19
made,risk,16
made,environment,59
made,economy,31
made,public,10
made,health,16
made,crisis,23
made,emissions,77
made,sustainable,20
made,lot,49
made,across,31
made,start,25
made,zero,86
made,right,32
made,net,75
made,future,36
made,agency,23
made,last,60
made,scale,19
made,economic,14
made,environmental,25
made,energy,49
made,infrastructure,12
made,forward,28
made,power,37
made,example,13
made,together,48
made,investment,34
made,clean,25
made,every,54
made,private,14
made,build,18
made,work,61
made,industry,20
made,next,36
made,different,19
made,policy,25
made,transition,40
made,great,23
made,resilience,7
made,adaptation,28
made,means,29
made,businesses,14
made,part,28
made,solutions,18
made,let,18
made,sector,29
made,technology,10
made,around,55
made,market,18
made,business,23
made,water,33
made,big,12
made,companies,32
made,put,25
made,set,24
made,based,13
made,growth,13
made,cost,13
made,communities,13
made,reduce,19
made,opportunity,17
made,supply,16
made,flood,10
made,mean,25
made,question,25
work,across,111
work,environmental,98
work,water,81
work,sector,95
work,environment,155
work,future,105
work,growth,29
work,good,79
work,last,85
work,businesses,60
work,clean,92
work,energy,167
work,great,70
work,economic,71
work,next,66
work,public,58
work,opportunity,45
work,build,53
work,around,144
work,infrastructure,33
work,forward,73
work,together,282
work,cop,170
work,billion,51
work,finance,149
work,governments,54
work,industry,84
work,set,61
work,lot,109
work,investment,75
work,let,68
work,carbon,102
work,green,86
work,financial,67
work,example,58
work,adaptation,72
work,every,60
work,part,100
work,sustainable,93
work,flood,60
work,right,112
work,risk,65
work,communities,72
work,better,99
work,end,59
work,crisis,40
work,resilience,48
work,scale,48
work,point,53
work,emissions,82
work,private,65
work,course,90
work,supply,56
work,market,50
work,companies,100
work,economy,69
work,based,44
work,power,64
work,agency,49
work,different,54
work,million,48
work,natural,61
work,mean,49
work,start,32
work,means,40
work,solutions,65
work,progress,70
work,put,54
work,reduce,48
work,net,81
work,zero,109
work,business,71
work,policy,69
work,technology,40
work,big,45
work,transition,88
work,making,45
work,health,49
work,cost,23
work,question,56
across,environmental,52
across,water,45
across,energy,114
across,part,43
across,build,29
across,clean,52
across,power,50
across,economy,93
across,let,37
across,crisis,32
across,public,27
across,around,61
across,infrastructure,37
across,every,39
across,businesses,32
across,companies,65
across,last,67
across,making,45
across,means,24
across,economic,43
across,better,31
across,environment,91
across,business,56
across,good,39
across,right,54
across,together,107
across,million,66
across,sustainable,63
across,communities,47
across,scale,36
across,governments,44
across,put,23
across,natural,27
across,cost,28
across,great,37
across,carbon,62
across,next,40
across,investment,47
across,start,28
across,financial,34
across,private,27
across,end,21
across,lot,44
across,industry,59
across,adaptation,26
across,green,70
across,future,54
across,cop,72
across,resilience,21
across,net,60
across,zero,82
across,supply,34
across,emissions,70
across,point,37
across,example,33
across,progress,35
across,finance,46
across,billion,21
across,different,35
across,health,40
across,transition,44
across,course,58
across,forward,37
across,sector,53
across,risk,27
across,flood,24
across,agency,20
across,solutions,33
across,growth,23
across,technology,24
across,reduce,22
across,based,33
across,set,44
across,policy,47
across,mean,36
across,opportunity,21
across,market,9
across,question,14
across,big,23
environmental,water,92
environmental,cop,16
environmental,environment,222
environmental,better,59
environmental,set,50
environmental,reduce,28
environmental,risk,54
environmental,finance,34
environmental,every,36
environmental,billion,35
environmental,green,48
environmental,private,15
environmental,sector,25
environmental,investment,63
environmental,scale,14
environmental,market,24
environmental,public,42
environmental,last,56
environmental,carbon,39
environmental,together,44
environmental,financial,60
environmental,net,36
environmental,zero,27
environmental,great,24
environmental,end,17
environmental,lot,23
environmental,natural,72
environmental,policy,57
environmental,industry,30
environmental,next,26
environmental,communities,29
environmental,means,27
environmental,flood,21
environmental,example,31
environmental,infrastructure,30
environmental,part,44
environmental,start,25
environmental,energy,54
environmental,economic,96
environmental,resilience,30
environmental,supply,15
environmental,growth,31
environmental,forward,26
environmental,future,74
environmental,clean,17
environmental,good,59
environmental,sustainable,45
environmental,agency,46
environmental,power,28
environmental,opportunity,31
environmental,transition,18
environmental,mean,9
environmental,around,48
environmental,economy,44
environmental,course,35
environmental,making,21
environmental,progress,34
environmental,crisis,29
environmental,health,64
environmental,adaptation,17
environmental,businesses,32
environmental,cost,13
environmental,right,47
environmental,business,43
environmental,million,33
environmental,solutions,14
environmental,companies,56
environmental,point,20
environmental,let,17
environmental,emissions,53
environmental,build,27
environmental,put,23
environmental,different,9
environmental,governments,17
environmental,based,20
environmental,technology,16
environmental,question,14
water,sector,18
water,private,11
water,public,34
water,investment,31
water,carbon,87
water,set,26
water,finance,11
water,reduce,44
water,let,25
water,great,23
water,next,22
water,sustainable,39
water,natural,59
water,environment,192
water,future,63
water,supply,44
water,clean,43
water,start,11
water,industry,37
water,financial,19
water,good,63
water,put,33
water,last,66
water,million,49
water,risk,71
water,communities,53
water,around,61
water,companies,105
water,part,39
water,based,16
water,solutions,13
water,billion,31
water,means,32
water,cop,8
water,economic,25
water,crisis,31
water,infrastructure,49
water,example,59
water,energy,108
water,resilience,50
water,growth,22
water,agency,79
water,economy,31
water,different,29
water,together,28
water,technology,18
water,point,26
water,emissions,33
water,scale,15
water,right,44
water,power,22
water,opportunity,6
water,net,20
water,zero,26
water,lot,48
water,better,98
water,big,24
water,making,23
water,forward,17
water,business,32
water,course,19
water,businesses,36
water,adaptation,33
water,green,50
water,flood,115
water,transition,8
water,every,34
water,health,54
water,question,7
water,build,20
water,end,17
water,progress,13
water,governments,9
water,mean,16
water,policy,20
water,cost,20
sector,environment,43
sector,future,61
sector,forward,37
sector,investment,113
sector,governments,56
sector,private,243
sector,billion,41
sector,course,39
sector,green,102
sector,finance,113
sector,set,55
sector,natural,13
sector,carbon,105
sector,scale,36
sector,big,32
sector,reduce,25
sector,risk,38
sector,public,115
sector,right,80
sector,business,67
sector,economic,41
sector,means,25
sector,companies,103
sector,clean,52
sector,energy,138
sector,infrastructure,37
sector,industry,114
sector,different,21
sector,great,33
sector,supply,26
sector,growth,48
sector,market,38
sector,every,62
sector,cop,44
sector,transition,79
sector,adaptation,20
sector,financial,86
sector,agency,20
sector,based,24
sector,communities,14
sector,last,53
sector,flood,8
sector,businesses,40
sector,lot,50
sector,net,94
sector,zero,140
sector,end,23
sector,power,78
sector,part,59
sector,million,42
sector,opportunity,35
sector,build,27
sector,economy,84
sector,emissions,109
sector,together,80
sector,solutions,36
sector,next,48
sector,cost,34
sector,point,37
sector,technology,33
sector,good,45
sector,crisis,8
sector,better,31
sector,resilience,26
sector,around,72
sector,policy,40
sector,sustainable,49
sector,mean,35
sector,progress,19
sector,let,25
sector,put,28
sector,example,51
sector,question,30
sector,health,30
sector,start,27
sector,making,20
environment,future,156
environment,forward,40
environment,better,191
environment,energy,70
environment,economic,63
environment,business,53
environment,good,109
environment,right,94
environment,resilience,48
environment,infrastructure,49
environment,set,74
environment,emissions,96
environment,question,18
environment,natural,153
environment,cost,34
environment,growth,59
environment,economy,88
environment,finance,68
environment,investment,83
environment,health,113
environment,around,95
environment,million,60
environment,sustainable,95
environment,adaptation,34
environment,billion,38
environment,private,22
environment,carbon,80
environment,scale,18
environment,market,20
environment,next,31
environment,companies,64
environment,build,40
environment,businesses,53
environment,green,129
environment,great,37
environment,example,67
environment,every,60
environment,part,77
environment,clean,50
environment,progress,37
environment,flood,134
environment,cop,53
environment,risk,86
environment,public,44
environment,crisis,36
environment,power,43
environment,opportunity,41
environment,supply,22
environment,policy,71
environment,end,31
environment,together,98
environment,net,70
environment,zero,65
environment,agency,389
environment,big,34
environment,reduce,55
environment,industry,61
environment,let,62
environment,last,98
environment,different,47
environment,technology,18
environment,point,27
environment,based,40
environment,put,42
environment,communities,93
environment,making,37
environment,start,38
environment,mean,32
environment,means,50
environment,lot,45
environment,course,46
environment,financial,27
environment,solutions,35
environment,transition,33
environment,governments,29
future,forward,46
future,clean,101
future,energy,153
future,public,39
future,investment,76
future,billion,26
future,next,73
future,every,62
future,last,74
future,set,63
future,course,61
future,supply,33
future,industry,65
future,transition,66
future,net,96
future,crisis,44
future,zero,127
future,cost,22
future,power,70
future,solutions,23
future,let,92
future,financial,28
future,question,41
future,build,77
future,better,98
future,economic,62
future,business,53
future,emissions,85
future,businesses,59
future,governments,39
future,private,26
future,cop,82
future,finance,51
future,based,22
future,part,78
future,natural,54
future,right,108
future,agency,45
future,big,21
future,end,32
future,adaptation,24
future,reduce,29
future,carbon,112
future,resilience,34
future,communities,41
future,sustainable,81
future,around,96
future,good,92
future,growth,49
future,making,28
future,progress,41
future,means,42
future,point,43
future,opportunity,45
future,together,127
future,different,59
future,great,37
future,economy,70
future,scale,23
future,lot,71
future,start,44
future,mean,18
future,example,29
future,million,24
future,policy,49
future,put,41
future,green,146
future,risk,50
future,infrastructure,38
future,technology,32
future,market,38
future,flood,50
future,companies,51
future,health,33
forward,clean,43
forward,power,32
forward,million,19
forward,business,37
forward,part,34
forward,next,48
forward,public,13
forward,opportunity,36
forward,investment,25
forward,billion,14
forward,start,19
forward,businesses,18
forward,put,37
forward,cop,141
forward,together,77
forward,build,25
forward,finance,57
forward,means,13
forward,risk,21
forward,energy,51
forward,resilience,12
forward,communities,9
forward,transition,48
forward,companies,53
forward,financial,16
forward,better,22
forward,governments,23
forward,great,33
forward,infrastructure,13
forward,market,17
forward,set,27
forward,industry,38
forward,let,43
forward,end,29
forward,last,25
forward,right,45
forward,crisis,8
forward,based,20
forward,different,31
forward,scale,26
forward,economy,26
forward,course,58
forward,question,26
forward,example,23
forward,green,56
forward,private,13
forward,adaptation,34
forward,net,69
forward,zero,97
forward,reduce,9
forward,growth,17
forward,economic,17
forward,solutions,34
forward,sustainable,47
forward,policy,31
forward,supply,14
forward,carbon,56
forward,cost,18
forward,emissions,50
forward,natural,8
forward,every,24
forward,around,43
forward,progress,32
forward,health,15
forward,making,14
forward,point,23
forward,technology,19
forward,good,34
forward,lot,33
forward,big,26
forward,mean,13
good,growth,53
good,last,51
good,businesses,36
good,clean,35
good,crisis,27
good,business,105
good,energy,101
good,point,57
good,economic,59
good,better,68
good,right,111
good,together,64
good,health,73
good,cop,48
good,making,36
good,progress,42
good,finance,43
good,part,72
good,natural,31
good,million,19
good,scale,47
good,industry,65
good,financial,37
good,put,45
good,risk,59
good,supply,26
good,next,38
good,communities,32
good,flood,30
good,let,81
good,infrastructure,29
good,economy,70
good,adaptation,25
good,net,64
good,zero,85
good,means,33
good,companies,87
good,agency,31
good,around,74
good,opportunity,39
good,set,26
good,investment,47
good,transition,47
good,course,40
good,end,33
good,power,32
good,cost,34
good,example,60
good,start,47
good,different,38
good,based,40
good,every,48
good,technology,49
good,great,51
good,emissions,66
good,carbon,102
good,resilience,23
good,lot,86
good,public,47
good,market,36
good,sustainable,55
good,private,29
good,solutions,28
good,build,27
good,reduce,31
good,mean,59
good,green,84
good,policy,30
good,governments,25
good,billion,18
good,big,34
good,question,78
growth,last,45
growth,businesses,25
growth,set,11
growth,market,18
growth,energy,113
growth,crisis,17
growth,business,47
growth,clean,86
growth,point,15
growth,part,26
growth,economy,77
growth,every,32
growth,put,15
growth,build,33
growth,green,101
growth,carbon,74
growth,health,10
growth,cop,17
growth,natural,18
growth,cost,28
growth,economic,113
growth,finance,37
growth,better,54
growth,infrastructure,27
growth,reduce,13
growth,power,25
growth,supply,13
growth,investment,39
growth,flood,17
growth,together,23
growth,scale,14
growth,making,17
growth,progress,20
growth,industry,31
growth,billion,21
growth,start,13
growth,resilience,23
growth,financial,18
growth,opportunity,38
growth,around,23
growth,private,16
growth,adaptation,15
growth,sustainable,67
growth,emissions,71
growth,based,16
growth,million,22
growth,zero,48
growth,next,19
growth,net,47
growth,transition,41
growth,technology,19
growth,communities,20
growth,right,43
growth,companies,18
growth,agency,17
growth,governments,12
growth,means,17
growth,big,13
growth,let,24
growth,different,15
growth,risk,9
growth,mean,21
growth,example,18
growth,end,8
growth,great,18
growth,solutions,17
growth,course,20
growth,policy,14
growth,question,17
growth,public,16
growth,lot,19
last,businesses,42
last,clean,57
last,energy,164
last,great,52
last,economic,47
last,financial,44
last,let,51
last,end,58
last,every,58
last,crisis,44
last,point,43
last,right,74
last,business,44
last,public,54
last,around,97
last,economy,62
last,companies,43
last,big,20
last,opportunity,24
last,power,76
last,million,58
last,cost,29
last,infrastructure,25
last,making,42
last,part,60
last,lot,37
last,set,47
last,course,53
last,supply,42
last,industry,60
last,transition,55
last,policy,37
last,net,98
last,agency,59
last,solutions,19
last,question,41
last,build,33
last,investment,66
last,scale,35
last,market,37
last,green,73
last,finance,72
last,put,43
last,next,43
last,different,41
last,adaptation,66
last,emissions,73
last,mean,51
last,resilience,43
last,cop,99
last,example,43
last,risk,56
last,carbon,77
last,better,58
last,zero,113
last,means,37
last,communities,32
last,progress,59
last,natural,26
last,together,59
last,sustainable,35
last,billion,53
last,private,28
last,flood,63
last,start,35
last,governments,35
last,based,20
last,reduce,24
last,technology,28
last,health,21
businesses,clean,23
businesses,energy,44
businesses,great,24
businesses,economic,30
businesses,crisis,26
businesses,point,17
businesses,right,57
businesses,business,73
businesses,public,34
businesses,around,58
businesses,industry,42
businesses,set,21
businesses,every,34
businesses,power,21
businesses,build,29
businesses,infrastructure,21
businesses,part,36
businesses,economy,72
businesses,companies,50
businesses,billion,20
businesses,next,27
businesses,start,21
businesses,million,20
businesses,opportunity,23
businesses,means,27
businesses,together,52
businesses,making,17
businesses,cost,20
businesses,governments,83
businesses,green,53
businesses,carbon,67
businesses,health,24
businesses,cop,71
businesses,sustainable,29
businesses,finance,24
businesses,financial,30
businesses,investment,46
businesses,risk,40
businesses,progress,9
businesses,market,18
businesses,private,26
businesses,big,9
businesses,emissions,62
businesses,reduce,27
businesses,adaptation,16
businesses,let,15
businesses,example,24
businesses,transition,23
businesses,better,52
businesses,based,21
businesses,flood,52
businesses,put,20
businesses,communities,33
businesses,resilience,31
businesses,lot,23
businesses,natural,21
businesses,net,47
businesses,zero,85
businesses,supply,25
businesses,scale,15
businesses,agency,25
businesses,technology,17
businesses,solutions,13
businesses,end,10
businesses,policy,26
businesses,course,27
businesses,mean,13
businesses,question,8
clean,energy,489
clean,great,31
clean,economic,45
clean,financial,23
clean,part,47
clean,build,43
clean,power,181
clean,economy,79
clean,let,32
clean,end,38
clean,every,44
clean,crisis,31
clean,business,47
clean,point,24
clean,around,93
clean,different,24
clean,investment,101
clean,making,24
clean,million,44
clean,public,33
clean,infrastructure,29
clean,companies,48
clean,big,17
clean,right,40
clean,billion,29
clean,start,20
clean,opportunity,25
clean,cost,27
clean,means,30
clean,set,23
clean,next,33
clean,transition,141
clean,net,66
clean,zero,108
clean,private,22
clean,solutions,43
clean,progress,57
clean,natural,22
clean,supply,50
clean,put,25
clean,industry,35
clean,scale,39
clean,cop,114
clean,technology,28
clean,emissions,118
clean,resilience,27
clean,carbon,64
clean,together,90
clean,finance,65
clean,sustainable,49
clean,communities,30
clean,market,24
clean,mean,10
clean,agency,17
clean,reduce,20
clean,course,43
clean,green,112
clean,based,29
clean,policy,23
clean,better,42
clean,risk,19
clean,example,26
clean,lot,23
clean,health,23
clean,adaptation,37
clean,governments,32
clean,question,18
energy,great,91
energy,economic,113
energy,financial,51
energy,part,116
energy,build,57
energy,power,254
energy,economy,101
energy,let,55
energy,end,86
energy,every,75
energy,crisis,100
energy,point,98
energy,right,173
energy,business,80
energy,public,86
energy,around,146
energy,set,65
energy,market,81
energy,investment,184
energy,making,70
energy,put,72
energy,opportunity,79
energy,infrastructure,107
energy,big,61
energy,cost,133
energy,means,67
energy,course,142
energy,supply,104
energy,industry,129
energy,transition,399
energy,policy,79
energy,net,118
energy,agency,60
energy,zero,191
energy,billion,101
energy,private,77
energy,question,89
energy,better,62
energy,green,181
energy,carbon,263
energy,health,28
energy,cop,125
energy,million,110
energy,together,125
energy,risk,49
energy,finance,102
energy,start,56
energy,natural,44
energy,technology,92
energy,resilience,44
energy,communities,50
energy,emissions,217
energy,example,102
energy,progress,79
energy,sustainable,89
energy,different,93
energy,companies,106
energy,scale,101
energy,reduce,91
energy,next,82
energy,based,76
energy,adaptation,45
energy,governments,60
energy,flood,22
energy,mean,66
energy,solutions,82
energy,lot,142
great,economic,37
great,public,31
great,opportunity,44
great,build,16
great,investment,27
great,let,50
great,carbon,50
great,natural,17
great,example,31
great,set,19
great,better,38
great,end,19
great,lot,40
great,flood,18
great,policy,32
great,industry,35
great,power,29
great,supply,20
great,governments,17
great,around,62
great,crisis,24
great,private,20
great,right,67
great,billion,18
great,market,24
great,start,43
great,together,48
great,based,14
great,progress,15
great,making,21
great,transition,23
great,cop,38
great,finance,21
great,course,48
great,put,30
great,point,23
great,net,44
great,zero,64
great,emissions,28
great,part,40
great,million,21
great,technology,36
great,communities,15
great,sustainable,36
great,agency,15
great,economy,23
great,solutions,26
great,resilience,10
great,means,12
great,different,26
great,next,30
great,risk,25
great,big,32
great,companies,32
great,infrastructure,14
great,green,40
great,health,20
great,scale,22
great,business,34
great,every,18
great,financial,10
great,reduce,13
great,mean,34
great,cost,20
great,question,40
economic,carbon,57
economic,supply,39
economic,power,33
economic,together,56
economic,making,27
economic,cost,39
economic,question,25
economic,build,46
economic,better,49
economic,business,49
economic,put,33
economic,natural,59
economic,economy,86
economic,investment,75
economic,health,37
economic,let,21
economic,every,36
economic,net,74
economic,means,25
economic,private,30
economic,part,40
economic,start,18
economic,infrastructure,40
economic,cop,35
economic,risk,34
economic,resilience,35
economic,crisis,47
economic,scale,18
economic,progress,20
economic,around,70
economic,course,34
economic,industry,42
economic,market,23
economic,set,20
economic,opportunity,46
economic,finance,26
economic,financial,41
economic,communities,42
economic,zero,80
economic,green,65
economic,transition,51
economic,policy,36
economic,end,20
economic,reduce,20
economic,emissions,64
economic,agency,12
economic,governments,38
economic,adaptation,25
economic,flood,22
economic,example,46
economic,billion,35
economic,technology,19
economic,sustainable,71
economic,right,60
economic,million,52
economic,different,26
economic,lot,22
economic,public,30
economic,mean,27
economic,next,33
economic,companies,36
economic,big,17
economic,based,19
economic,point,26
economic,solutions,13
financial,part,30
financial,build,21
financial,power,29
financial,solutions,13
financial,let,21
financial,crisis,15
financial,question,11
financial,better,25
financial,cop,53
financial,investment,78
financial,governments,32
financial,private,51
financial,public,40
financial,finance,126
financial,together,53
financial,green,72
financial,net,84
financial,zero,105
financial,business,42
financial,market,34
financial,opportunity,23
financial,billion,44
financial,risk,86
financial,progress,27
financial,start,18
financial,economy,40
financial,companies,67
financial,end,9
financial,industry,24
financial,put,21
financial,communities,13
financial,around,49
financial,next,23
financial,transition,57
financial,carbon,44
financial,making,33
financial,policy,29
financial,adaptation,13
financial,example,34
financial,million,13
financial,infrastructure,33
financial,resilience,23
financial,means,20
financial,technology,16
financial,right,42
financial,set,33
financial,supply,19
financial,flood,11
financial,emissions,28
financial,agency,16
financial,different,31
financial,scale,20
financial,course,30
financial,sustainable,30
financial,natural,23
financial,reduce,13
financial,every,35
financial,point,19
financial,mean,17
financial,based,15
financial,big,16
financial,lot,34
financial,health,14
financial,cost,12
part,build,31
part,power,43
part,economy,67
part,crisis,35
part,point,39
part,around,79
part,put,37
part,every,75
part,million,45
part,business,81
part,next,55
part,public,36
part,opportunity,46
part,infrastructure,27
part,making,40
part,means,30
part,cost,24
part,governments,29
part,right,86
part,lot,59
part,natural,18
part,scale,21
part,better,37
part,green,76
part,finance,74
part,policy,29
part,adaptation,29
part,progress,41
part,flood,17
part,supply,33
part,together,76
part,zero,116
part,agency,28
part,big,42
part,carbon,95
part,emissions,89
part,market,31
part,reduce,31
part,sustainable,49
part,communities,25
part,start,48
part,cop,78
part,investment,49
part,resilience,17
part,industry,63
part,end,35
part,companies,63
part,based,24
part,technology,36
part,different,33
part,set,33
part,mean,42
part,net,86
part,solutions,36
part,question,42
part,private,33
part,billion,47
part,transition,55
part,risk,28
part,example,39
part,health,23
part,let,47
part,course,64
build,power,34
build,economy,42
build,crisis,33
build,every,39
build,put,24
build,opportunity,51
build,public,30
build,around,41
build,infrastructure,39
build,question,20
build,better,112
build,set,17
build,next,33
build,cop,62
build,scale,25
build,carbon,55
build,companies,32
build,private,18
build,agency,22
build,flood,40
build,right,65
build,example,33
build,together,75
build,resilience,45
build,communities,36
build,sustainable,36
build,finance,42
build,reduce,24
build,making,18
build,progress,27
build,means,23
build,transition,37
build,billion,13
build,investment,36
build,supply,26
build,green,75
build,industry,26
build,lot,26
build,mean,22
build,adaptation,25
build,net,39
build,zero,57
build,emissions,32
build,course,31
build,point,28
build,risk,37
build,based,18
build,business,36
build,solutions,19
build,let,35
build,natural,11
build,technology,25
build,start,16
build,governments,29
build,end,11
build,health,29
build,policy,18
build,cost,18
build,million,11
build,big,19
build,different,14
build,market,33
power,economy,54
power,around,82
power,point,32
power,crisis,24
power,different,52
power,investment,53
power,every,45
power,million,49
power,business,42
power,next,41
power,infrastructure,44
power,companies,44
power,opportunity,27
power,cost,63
power,making,31
power,set,35
power,carbon,86
power,supply,51
power,together,77
power,net,53
power,zero,85
power,solutions,11
power,let,32
power,public,25
power,health,7
power,green,61
power,adaptation,22
power,risk,27
power,example,70
power,reduce,50
power,scale,30
power,cop,95
power,industry,41
power,progress,48
power,course,51
power,governments,30
power,finance,51
power,transition,117
power,end,74
power,communities,26
power,market,35
power,based,19
power,agency,17
power,mean,30
power,sustainable,17
power,natural,20
power,emissions,82
power,billion,15
power,put,21
power,question,18
power,technology,31
power,start,11
power,private,25
power,resilience,9
power,means,25
power,flood,14
power,better,37
power,big,27
power,lot,47
power,right,54
power,policy,27
economy,let,39
economy,end,24
economy,making,26
economy,business,77
economy,crisis,27
economy,every,64
economy,infrastructure,56
economy,companies,63
economy,big,25
economy,means,19
economy,around,70
economy,finance,49
economy,better,50
economy,investment,77
economy,governments,35
economy,private,29
economy,million,42
economy,start,20
economy,risk,36
economy,progress,29
economy,public,39
economy,health,34
economy,together,68
economy,scale,19
economy,emissions,147
economy,adaptation,20
economy,carbon,141
economy,net,132
economy,zero,171
economy,right,55
economy,communities,29
economy,different,26
economy,industry,59
economy,course,53
economy,agency,18
economy,green,131
economy,set,44
economy,transition,68
economy,supply,39
economy,market,17
economy,flood,19
economy,billion,52
economy,reduce,35
economy,put,39
economy,technology,20
economy,next,43
economy,based,27
economy,natural,32
economy,resilience,34
economy,point,25
economy,cost,28
economy,sustainable,52
economy,mean,40
economy,example,47
economy,question,22
economy,policy,39
economy,opportunity,44
economy,cop,47
economy,lot,42
economy,solutions,21
let,end,39
let,every,43
let,crisis,27
let,zero,68
let,solutions,40
let,question,43
let,investment,27
let,carbon,66
let,different,41
let,start,86
let,cop,70
let,point,42
let,communities,30
let,risk,32
let,flood,21
let,emissions,55
let,cost,33
let,adaptation,9
let,public,32
let,net,52
let,reduce,13
let,agency,36
let,right,128
let,together,88
let,industry,42
let,supply,29
let,set,22
let,policy,29
let,around,66
let,making,30
let,based,20
let,health,23
let,better,60
let,governments,24
let,means,23
let,course,47
let,lot,53
let,transition,32
let,finance,39
let,technology,30
let,billion,20
let,business,53
let,million,15
let,infrastructure,27
let,sustainable,31
let,resilience,11
let,next,38
let,green,35
let,big,22
let,opportunity,29
let,example,30
let,mean,47
let,scale,19
let,progress,26
let,natural,10
let,put,54
let,private,19
let,companies,61
let,market,17
end,every,37
end,crisis,16
end,green,35
end,billion,26
end,finance,55
end,lot,37
end,together,46
end,carbon,43
end,emissions,60
end,sustainable,14
end,start,31
end,million,27
end,communities,24
end,investment,26
end,flood,5
end,adaptation,15
end,risk,25
end,natural,6
end,right,63
end,supply,29
end,industry,31
end,companies,35
end,policy,28
end,transition,50
end,cop,64
end,solutions,12
end,progress,23
end,set,24
end,reduce,17
end,net,40
end,zero,63
end,course,23
end,agency,10
end,better,46
end,infrastructure,11
end,next,33
end,public,20
end,scale,24
end,opportunity,15
end,based,20
end,mean,30
end,private,21
end,around,37
end,put,27
end,means,27
end,technology,23
end,different,33
end,point,29
end,business,36
end,governments,17
end,market,14
end,example,22
end,health,6
end,making,19
end,big,20
end,cost,39
end,question,12
every,crisis,33
every,business,60
every,put,42
every,infrastructure,23
every,right,92
every,lot,33
every,set,32
every,course,39
every,supply,29
every,industry,51
every,transition,38
every,policy,27
every,net,55
every,agency,23
every,million,63
every,private,25
every,finance,64
every,billion,59
every,green,48
every,example,28
every,adaptation,42
every,natural,29
every,carbon,43
every,emissions,89
every,health,27
every,next,47
every,cost,36
every,better,42
every,governments,16
every,market,20
every,making,38
every,public,21
every,means,31
every,investment,40
every,flood,36
every,together,68
every,progress,31
every,cop,121
every,different,32
every,technology,21
every,based,23
every,start,24
every,zero,84
every,around,83
every,solutions,23
every,point,34
every,companies,33
every,resilience,19
every,sustainable,39
every,risk,30
every,communities,31
every,mean,38
every,big,29
every,opportunity,29
every,scale,21
every,reduce,18
every,question,10
crisis,point,17
crisis,right,50
crisis,around,50
crisis,set,23
crisis,market,8
crisis,business,28
crisis,different,14
crisis,investment,10
crisis,making,26
crisis,put,12
crisis,companies,19
crisis,big,8
crisis,means,12
crisis,governments,26
crisis,lot,21
crisis,course,27
crisis,transition,20
crisis,solutions,21
crisis,question,19
crisis,better,21
crisis,public,16
crisis,health,30
crisis,opportunity,17
crisis,cop,69
crisis,progress,25
crisis,resilience,18
crisis,supply,6
crisis,communities,23
crisis,infrastructure,18
crisis,together,63
crisis,scale,21
crisis,industry,8
crisis,based,8
crisis,policy,18
crisis,zero,31
crisis,finance,30
crisis,sustainable,13
crisis,private,9
crisis,million,10
crisis,next,14
crisis,net,26
crisis,risk,15
crisis,natural,17
crisis,adaptation,9
crisis,flood,8
crisis,start,22
crisis,billion,18
crisis,green,24
crisis,mean,17
crisis,reduce,17
crisis,emissions,26
crisis,example,10
crisis,carbon,13
crisis,agency,9
crisis,cost,9
point,right,94
point,business,40
point,around,63
point,different,34
point,green,72
point,finance,43
point,better,34
point,together,57
point,start,32
point,cop,38
point,net,53
point,zero,70
point,set,28
point,means,16
point,transition,57
point,public,30
point,emissions,70
point,progress,15
point,technology,28
point,agency,14
point,mean,61
point,natural,15
point,billion,22
point,million,14
point,flood,8
point,put,27
point,infrastructure,23
point,risk,35
point,opportunity,24
point,private,23
point,investment,61
point,making,31
point,carbon,52
point,resilience,12
point,big,34
point,solutions,29
point,industry,52
point,companies,56
point,question,41
point,communities,13
point,supply,35
point,policy,37
point,governments,36
point,course,47
point,health,9
point,scale,29
point,reduce,14
point,lot,48
point,next,30
point,example,28
point,sustainable,27
point,based,37
point,market,24
point,cost,24
right,business,96
right,public,79
right,companies,120
right,big,67
right,cost,87
right,governments,50
right,lot,117
right,set,62
right,better,99
right,together,96
right,private,44
right,investment,56
right,policy,93
right,green,106
right,finance,48
right,net,108
right,zero,145
right,emissions,108
right,agency,35
right,flood,21
right,example,76
right,around,128
right,sustainable,81
right,transition,76
right,supply,66
right,resilience,22
right,industry,114
right,different,87
right,opportunity,65
right,put,65
right,means,54
right,cop,74
right,adaptation,15
right,solutions,47
right,carbon,156
right,reduce,48
right,based,45
right,communities,59
right,infrastructure,52
right,risk,56
right,making,56
right,progress,21
right,next,53
right,course,81
right,scale,39
right,start,69
right,mean,102
right,technology,53
right,million,39
right,market,62
right,natural,38
right,health,40
right,billion,33
right,question,89
business,public,32
business,around,52
business,market,26
business,put,47
business,million,17
business,next,51
business,opportunity,37
business,better,58
business,together,75
business,net,75
business,zero,111
business,green,82
business,finance,53
business,private,39
business,scale,24
business,companies,97
business,agency,18
business,billion,15
business,communities,20
business,sustainable,70
business,making,35
business,flood,12
business,lot,60
business,carbon,103
business,natural,22
business,emissions,64
business,investment,62
business,industry,68
business,adaptation,21
business,policy,63
business,risk,28
business,means,34
business,example,69
business,resilience,29
business,supply,32
business,infrastructure,13
business,cop,67
business,technology,67
business,transition,42
business,governments,62
business,solutions,25
business,course,55
business,reduce,24
business,based,37
business,set,35
business,mean,67
business,cost,39
business,different,46
business,progress,12
business,question,44
business,start,33
business,big,39
business,health,8
public,around,46
public,million,20
public,next,46
public,opportunity,17
public,big,17
public,investment,84
public,billion,58
public,start,29
public,means,17
public,private,209
public,carbon,50
public,scale,29
public,market,26
public,green,55
public,finance,158
public,progress,26
public,health,36
public,set,19
public,making,16
public,cost,23
public,adaptation,38
public,transition,39
public,companies,42
public,industry,53
public,lot,44
public,supply,10
public,governments,49
public,different,12
public,together,38
public,mean,29
public,natural,18
public,infrastructure,48
public,flood,25
public,resilience,35
public,better,35
public,cop,42
public,emissions,31
public,risk,36
public,net,38
public,solutions,24
public,example,43
public,zero,47
public,agency,15
public,technology,33
public,question,27
public,put,29
public,reduce,13
public,based,14
public,policy,57
public,sustainable,42
public,course,28
public,communities,14
around,industry,63
around,set,56
around,market,44
around,different,61
around,investment,76
around,making,38
around,means,40
around,next,57
around,carbon,98
around,supply,45
around,natural,48
around,reduce,54
around,risk,57
around,million,78
around,health,48
around,opportunity,46
around,green,82
around,communities,53
around,finance,64
around,billion,68
around,example,63
around,resilience,33
around,governments,97
around,zero,154
around,course,93
around,together,111
around,emissions,129
around,based,39
around,agency,34
around,mean,65
around,progress,45
around,policy,39
around,net,105
around,infrastructure,39
around,adaptation,22
around,flood,55
around,start,47
around,better,79
around,cop,165
around,lot,86
around,scale,40
around,companies,81
around,technology,27
around,put,53
around,cost,42
around,private,32
around,transition,70
around,sustainable,42
around,solutions,45
around,big,49
around,question,41
industry,set,27
industry,market,38
industry,transition,53
industry,policy,56
industry,course,55
industry,net,58
industry,supply,64
industry,agency,18
industry,finance,37
industry,green,66
industry,together,72
industry,solutions,22
industry,sustainable,75
industry,governments,33
industry,lot,73
industry,start,45
industry,put,41
industry,next,38
industry,emissions,101
industry,reduce,26
industry,zero,121
industry,investment,52
industry,carbon,112
industry,making,37
industry,different,61
industry,infrastructure,36
industry,resilience,13
industry,private,30
industry,billion,25
industry,mean,59
industry,communities,27
industry,companies,82
industry,opportunity,39
industry,big,46
industry,technology,62
industry,progress,20
industry,flood,13
industry,risk,26
industry,million,30
industry,example,51
industry,means,19
industry,better,29
industry,scale,28
industry,health,19
industry,natural,23
industry,based,37
industry,cop,21
industry,cost,62
industry,question,55
set,market,42
set,next,42
set,carbon,96
set,supply,26
set,lot,37
set,course,40
set,health,15
set,cop,48
set,million,25
set,finance,61
set,resilience,12
set,infrastructure,28
set,emissions,80
set,better,40
set,reduce,23
set,risk,17
set,billion,20
set,green,46
set,private,22
set,investment,29
set,natural,12
set,policy,38
set,scale,27
set,progress,28
set,flood,5
set,opportunity,20
set,adaptation,23
set,net,96
set,zero,127
set,cost,21
set,start,19
set,agency,24
set,making,26
set,communities,20
set,together,51
set,sustainable,34
set,governments,31
set,example,27
set,transition,39
set,companies,50
set,based,18
set,solutions,26
set,technology,19
set,different,21
set,put,27
set,means,26
set,big,24
set,question,17
set,mean,19
market,carbon,154
market,investment,46
market,scale,42
market,sustainable,24
market,finance,28
market,opportunity,45
market,billion,15
market,progress,7
market,start,19
market,governments,38
market,making,26
market,together,37
market,cost,30
market,supply,46
market,infrastructure,46
market,resilience,8
market,communities,8
market,million,17
market,technology,35
market,zero,55
market,based,36
market,next,29
market,risk,7
market,mean,43
market,means,15
market,companies,58
market,solutions,17
market,transition,36
market,course,37
market,agency,8
market,policy,35
market,put,9
market,green,70
market,natural,11
market,health,8
market,different,15
market,cop,6
market,emissions,28
market,example,36
market,reduce,16
market,adaptation,8
market,better,14
market,private,24
market,big,22
market,net,32
market,question,35
market,lot,25
different,investment,27
different,start,22
different,cop,12
different,lot,92
different,net,35
different,zero,56
different,adaptation,8
different,emissions,27
different,mean,39
different,governments,17
different,private,13
different,agency,14
different,together,62
different,technology,53
different,example,47
different,put,22
different,means,29
different,million,18
different,scale,26
different,natural,10
different,based,19
different,better,40
different,course,30
different,transition,44
different,opportunity,23
different,policy,35
different,resilience,11
different,infrastructure,34
different,carbon,64
different,flood,10
different,sustainable,29
different,next,17
different,progress,12
different,communities,22
different,health,9
different,green,35
different,solutions,32
different,risk,23
different,reduce,24
different,finance,23
different,cost,22
different,making,19
different,big,33
different,question,48
different,billion,13
different,companies,38
different,supply,28
investment,making,34
investment,billion,103
investment,next,36
investment,start,21
investment,million,69
investment,zero,100
investment,private,152
investment,cost,42
investment,net,81
investment,finance,140
investment,better,52
investment,health,16
investment,governments,27
investment,course,47
investment,cop,37
investment,green,121
investment,natural,58
investment,carbon,77
investment,scale,65
investment,big,28
investment,reduce,24
investment,risk,63
investment,sustainable,76
investment,policy,54
investment,progress,27
investment,supply,41
investment,flood,68
investment,together,81
investment,opportunity,36
investment,lot,36
investment,means,52
investment,mean,36
investment,agency,39
investment,transition,70
investment,emissions,55
investment,resilience,54
investment,infrastructure,88
investment,communities,31
investment,adaptation,37
investment,solutions,31
investment,put,20
investment,technology,64
investment,companies,67
investment,example,62
investment,based,33
investment,question,22
making,million,15
making,cost,19
making,infrastructure,26
making,together,41
making,governments,19
making,cop,57
making,progress,59
making,emissions,42
making,carbon,69
making,adaptation,33
making,lot,34
making,better,39
making,example,31
making,big,36
making,communities,20
making,policy,29
making,green,38
making,sustainable,40
making,net,45
making,zero,60
making,natural,17
making,start,11
making,solutions,22
making,reduce,23
making,technology,32
making,means,30
making,risk,31
making,scale,21
making,resilience,24
making,put,19
making,finance,45
making,agency,18
making,companies,38
making,flood,14
making,transition,35
making,private,9
making,course,28
making,health,9
making,billion,25
making,supply,15
making,question,22
making,next,22
making,opportunity,11
making,based,17
making,mean,21
put,cop,71
put,better,45
put,governments,35
put,natural,13
put,cost,24
put,next,34
put,adaptation,16
put,resilience,13
put,means,32
put,communities,13
put,flood,18
put,reduce,16
put,risk,22
put,scale,13
put,example,28
put,agency,14
put,infrastructure,27
put,finance,33
put,billion,28
put,course,40
put,progress,17
put,question,58
put,green,38
put,carbon,62
put,sustainable,30
put,together,73
put,policy,36
put,mean,37
put,million,19
put,companies,24
put,emissions,60
put,start,21
put,net,52
put,zero,67
put,based,11
put,health,13
put,transition,26
put,opportunity,17
put,big,23
put,technology,23
put,private,19
put,lot,63
put,solutions,22
put,supply,21
million,next,39
million,billion,74
million,start,10
million,opportunity,22
million,cost,35
million,infrastructure,29
million,health,35
million,cop,19
million,finance,37
million,green,47
million,sustainable,39
million,communities,45
million,carbon,64
million,scale,28
million,based,22
million,natural,31
million,better,21
million,governments,10
million,reduce,22
million,risk,53
million,adaptation,7
million,solutions,26
million,means,13
million,private,13
million,supply,19
million,net,23
million,zero,23
million,technology,32
million,emissions,50
million,resilience,31
million,example,31
million,progress,18
million,flood,42
million,policy,15
million,together,22
million,agency,29
million,companies,27
million,transition,9
million,course,8
million,mean,12
million,big,14
million,lot,16
million,question,7
next,opportunity,32
next,billion,38
next,start,31
next,carbon,81
next,supply,29
next,policy,42
next,cop,121
next,scale,36
next,sustainable,31
next,natural,28
next,lot,40
next,risk,24
next,communities,23
next,flood,16
next,infrastructure,23
next,cost,30
next,better,47
next,adaptation,32
next,resilience,16
next,transition,44
next,companies,46
next,agency,9
next,means,36
next,net,47
next,finance,68
next,question,39
next,emissions,80
next,governments,37
next,zero,80
next,together,86
next,solutions,33
next,technology,35
next,green,71
next,private,29
next,course,60
next,reduce,25
next,progress,32
next,mean,32
next,example,18
next,health,13
next,big,35
next,based,20
opportunity,start,26
opportunity,cost,13
opportunity,billion,13
opportunity,risk,25
opportunity,health,22
opportunity,green,57
opportunity,course,34
opportunity,together,48
opportunity,communities,18
opportunity,means,19
opportunity,scale,20
opportunity,natural,15
opportunity,adaptation,14
opportunity,agency,10
opportunity,net,35
opportunity,zero,50
opportunity,emissions,29
opportunity,better,51
opportunity,infrastructure,16
opportunity,carbon,40
opportunity,policy,23
opportunity,finance,21
opportunity,transition,43
opportunity,private,14
opportunity,governments,28
opportunity,reduce,9
opportunity,supply,21
opportunity,technology,17
opportunity,resilience,15
opportunity,flood,5
opportunity,example,21
opportunity,based,21
opportunity,sustainable,38
opportunity,cop,32
opportunity,companies,36
opportunity,solutions,19
opportunity,progress,7
opportunity,big,20
opportunity,lot,30
opportunity,mean,21
opportunity,question,17
infrastructure,cost,28
infrastructure,finance,48
infrastructure,resilience,69
infrastructure,emissions,41
infrastructure,adaptation,33
infrastructure,start,11
infrastructure,health,21
infrastructure,risk,49
infrastructure,example,47
infrastructure,reduce,16
infrastructure,supply,30
infrastructure,natural,37
infrastructure,communities,38
infrastructure,means,16
infrastructure,better,36
infrastructure,carbon,61
infrastructure,together,21
infrastructure,progress,8
infrastructure,flood,54
infrastructure,billion,68
infrastructure,companies,21
infrastructure,green,106
infrastructure,technology,32
infrastructure,transition,24
infrastructure,zero,57
infrastructure,agency,33
infrastructure,sustainable,50
infrastructure,policy,17
infrastructure,net,33
infrastructure,based,11
infrastructure,scale,24
infrastructure,solutions,21
infrastructure,private,53
infrastructure,big,18
infrastructure,mean,22
infrastructure,lot,41
infrastructure,course,35
infrastructure,governments,16
infrastructure,cop,10
infrastructure,question,12
companies,big,72
companies,start,37
companies,private,60
companies,scale,35
companies,agency,30
companies,risk,27
companies,supply,60
companies,reduce,39
companies,transition,77
companies,example,71
companies,adaptation,8
companies,cop,49
companies,billion,32
companies,carbon,153
companies,mean,61
companies,resilience,16
companies,technology,28
companies,green,94
companies,based,56
companies,finance,28
companies,solutions,29
companies,net,124
companies,zero,192
companies,progress,24
companies,flood,10
companies,means,31
companies,lot,79
companies,sustainable,42
companies,communities,23
companies,health,21
companies,emissions,108
companies,together,82
companies,better,39
companies,course,51
companies,policy,29
companies,question,39
companies,governments,51
companies,natural,19
companies,cost,36
big,private,28
big,finance,22
big,net,41
big,zero,61
big,agency,11
big,carbon,58
big,emissions,43
big,better,28
big,example,37
big,risk,31
big,solutions,34
big,green,42
big,flood,12
big,progress,20
big,communities,8
big,natural,9
big,means,22
big,course,47
big,cop,12
big,governments,19
big,sustainable,23
big,reduce,10
big,policy,50
big,question,37
big,cost,29
big,lot,55
big,start,29
big,billion,13
big,health,8
big,supply,14
big,scale,48
big,together,37
big,transition,40
big,mean,59
big,technology,33
big,based,12
billion,start,16
billion,net,32
billion,zero,31
billion,private,60
billion,cop,52
billion,finance,217
billion,sustainable,25
billion,governments,23
billion,course,32
billion,adaptation,54
billion,solutions,18
billion,means,22
billion,green,82
billion,risk,37
billion,natural,33
billion,carbon,41
billion,supply,14
billion,example,44
billion,together,36
billion,question,13
billion,based,20
billion,resilience,40
billion,flood,48
billion,transition,28
billion,progress,27
billion,emissions,48
billion,better,22
billion,scale,19
billion,reduce,7
billion,policy,13
billion,agency,15
billion,communities,23
billion,technology,17
billion,lot,23
billion,cost,34
billion,health,18
billion,mean,19
start,progress,17
start,lot,43
start,cop,45
start,adaptation,5
start,risk,13
start,health,17
start,together,43
start,private,19
start,scale,22
start,agency,11
start,better,32
start,natural,10
start,emissions,31
start,solutions,26
start,reduce,16
start,carbon,68
start,governments,19
start,communities,15
start,course,34
start,technology,23
start,cost,20
start,green,48
start,net,41
start,zero,57
start,sustainable,28
start,based,32
start,finance,18
start,policy,25
start,example,30
start,means,21
start,flood,7
start,resilience,6
start,supply,19
start,mean,39
start,transition,28
start,question,44
cost,together,44
cost,governments,14
cost,net,20
cost,zero,34
cost,natural,21
cost,carbon,61
cost,communities,17
cost,better,21
cost,adaptation,20
cost,resilience,8
cost,finance,21
cost,transition,40
cost,agency,9
cost,flood,14
cost,supply,18
cost,scale,37
cost,private,9
cost,technology,58
cost,cop,12
cost,emissions,43
cost,progress,17
cost,solutions,19
cost,course,22
cost,based,34
cost,example,38
cost,means,16
cost,sustainable,27
cost,reduce,33
cost,risk,13
cost,lot,59
cost,policy,24
cost,health,6
cost,green,43
cost,mean,35
cost,question,30
means,solutions,9
means,private,14
means,adaptation,23
means,progress,23
means,net,67
means,scale,33
means,communities,33
means,flood,19
means,reduce,21
means,finance,35
means,cop,47
means,resilience,10
means,better,30
means,risk,39
means,transition,46
means,zero,90
means,supply,16
means,mean,40
means,sustainable,25
means,emissions,84
means,green,39
means,agency,18
means,based,13
means,together,37
means,course,30
means,lot,27
means,example,21
means,natural,18
means,policy,27
means,technology,24
means,carbon,59
means,health,11
means,governments,21
means,question,8
carbon,supply,115
carbon,green,129
carbon,health,34
carbon,cop,52
carbon,progress,28
carbon,finance,51
carbon,scale,63
carbon,based,62
carbon,course,64
carbon,private,52
carbon,natural,55
carbon,sustainable,88
carbon,policy,61
carbon,solutions,65
carbon,communities,24
carbon,emissions,374
carbon,lot,112
carbon,net,233
carbon,zero,336
carbon,agency,44
carbon,reduce,109
carbon,resilience,27
carbon,governments,56
carbon,adaptation,26
carbon,example,101
carbon,better,55
carbon,flood,68
carbon,risk,34
carbon,transition,112
carbon,mean,90
carbon,technology,121
carbon,together,71
carbon,question,59
supply,together,34
supply,lot,39
supply,course,33
supply,net,77
supply,transition,30
supply,natural,17
supply,risk,17
supply,communities,12
supply,flood,20
supply,reduce,37
supply,emissions,91
supply,agency,18
supply,zero,90
supply,example,22
supply,resilience,21
supply,green,23
supply,progress,7
supply,private,15
supply,based,22
supply,scale,23
supply,question,37
supply,policy,22
supply,health,18
supply,finance,9
supply,mean,26
supply,governments,19
supply,sustainable,24
supply,cop,25
supply,adaptation,5
supply,solutions,11
supply,technology,25
supply,better,14
together,green,82
together,finance,103
together,transition,91
together,cop,238
together,governments,90
together,policy,54
together,better,67
together,lot,64
together,scale,68
together,flood,12
together,adaptation,61
together,emissions,85
together,example,49
together,progress,92
together,course,91
together,private,40
together,based,41
together,agency,29
together,technology,34
together,natural,26
together,reduce,31
together,net,93
together,zero,138
together,communities,27
together,sustainable,59
together,resilience,34
together,solutions,48
together,mean,41
together,risk,23
together,health,27
together,question,37
governments,lot,41
governments,course,41
governments,sustainable,22
governments,finance,45
governments,scale,18
governments,better,28
governments,natural,12
governments,private,48
governments,cop,100
governments,example,21
governments,resilience,18
governments,reduce,19
governments,emissions,47
governments,progress,19
governments,risk,28
governments,adaptation,22
governments,communities,24
governments,solutions,16
governments,policy,47
governments,technology,15
governments,zero,72
governments,based,23
governments,mean,23
governments,agency,5
governments,net,50
governments,health,15
governments,transition,59
governments,green,40
governments,question,20
lot,course,44
lot,emissions,65
lot,sustainable,42
lot,agency,28
lot,net,51
lot,zero,74
lot,adaptation,8
lot,green,67
lot,better,56
lot,example,63
lot,finance,40
lot,flood,16
lot,risk,37
lot,private,50
lot,scale,40
lot,resilience,11
lot,cop,32
lot,natural,17
lot,reduce,32
lot,communities,21
lot,health,17
lot,based,29
lot,mean,67
lot,transition,63
lot,progress,34
lot,technology,46
lot,policy,44
lot,solutions,33
lot,question,66
course,net,88
course,sustainable,36
course,finance,109
course,private,28
course,cop,143
course,example,30
course,progress,45
course,scale,35
course,transition,62
course,emissions,95
course,zero,121
course,agency,5
course,policy,51
course,technology,35
course,flood,7
course,risk,18
course,better,27
course,green,84
course,communities,35
course,natural,41
course,adaptation,49
course,resilience,23
course,health,34
course,solutions,30
course,mean,25
course,based,26
course,reduce,15
course,question,25
transition,policy,55
transition,net,114
transition,agency,19
transition,finance,102
transition,green,106
transition,solutions,30
transition,cop,118
transition,based,18
transition,private,46
transition,zero,179
transition,reduce,21
transition,emissions,90
transition,scale,41
transition,adaptation,19
transition,progress,45
transition,technology,35
transition,risk,38
transition,better,33
transition,sustainable,64
transition,example,41
transition,communities,23
transition,resilience,12
transition,mean,57
transition,health,6
transition,natural,7
transition,question,63
policy,green,68
policy,finance,44
policy,private,27
policy,natural,21
policy,progress,18
policy,net,41
policy,zero,62
policy,emissions,30
policy,adaptation,10
policy,risk,15
policy,communities,17
policy,scale,33
policy,question,45
policy,sustainable,54
policy,agency,8
policy,based,24
policy,mean,50
policy,better,46
policy,flood,9
policy,health,16
policy,cop,41
policy,example,45
policy,reduce,15
policy,solutions,19
policy,technology,34
net,zero,1206
net,private,56
net,solutions,27
net,question,63
net,emissions,341
net,green,104
net,finance,107
net,agency,42
net,adaptation,53
net,cop,158
net,natural,24
net,sustainable,45
net,progress,54
net,risk,28
net,reduce,58
net,example,45
net,better,36
net,communities,15
net,based,63
net,mean,47
net,technology,40
net,scale,29
net,resilience,24
net,flood,31
net,health,29
agency,zero,41
agency,emissions,58
agency,reduce,26
agency,flood,104
agency,cop,11
agency,better,82
agency,sustainable,22
agency,based,10
agency,scale,10
agency,example,39
agency,natural,25
agency,adaptation,16
agency,risk,53
agency,green,46
agency,communities,37
agency,private,8
agency,resilience,33
agency,finance,20
agency,solutions,11
agency,technology,5
agency,progress,9
agency,health,17
agency,mean,13
zero,private,58
zero,solutions,38
zero,emissions,475
zero,green,148
zero,finance,124
zero,adaptation,57
zero,cop,232
zero,progress,86
zero,risk,38
zero,example,60
zero,better,45
zero,natural,16
zero,reduce,62
zero,sustainable,68
zero,technology,70
zero,based,94
zero,mean,72
zero,resilience,31
zero,flood,26
zero,communities,18
zero,scale,47
zero,health,35
zero,question,70
private,finance,209
private,green,71
private,natural,19
private,cop,54
private,scale,28
private,reduce,10
private,risk,35
private,sustainable,35
private,mean,24
private,adaptation,33
private,better,26
private,based,16
private,resilience,21
private,technology,23
private,solutions,23
private,emissions,25
private,flood,8
private,example,30
private,progress,14
private,health,8
private,question,36
solutions,finance,73
solutions,based,104
solutions,cop,54
solutions,reduce,16
solutions,sustainable,45
solutions,flood,17
solutions,resilience,28
solutions,better,34
solutions,emissions,48
solutions,green,46
solutions,risk,19
solutions,scale,32
solutions,example,41
solutions,adaptation,42
solutions,communities,24
solutions,progress,42
solutions,technology,34
solutions,natural,14
solutions,health,12
solutions,mean,27
solutions,question,20
question,better,18
question,emissions,34
question,finance,22
question,example,43
question,green,47
question,cop,35
question,communities,5
question,resilience,5
question,sustainable,25
question,reduce,13
question,scale,31
question,natural,8
question,mean,54
question,risk,15
question,progress,26
question,based,15
question,technology,33
question,health,14
better,natural,39
better,scale,19
better,finance,26
better,health,53
better,green,77
better,progress,23
better,flood,94
better,adaptation,19
better,resilience,40
better,communities,75
better,cop,22
better,risk,46
better,example,56
better,technology,35
better,based,24
better,emissions,55
better,sustainable,61
better,reduce,34
better,mean,44
health,communities,48
health,green,50
health,cop,21
health,finance,7
health,progress,16
health,risk,33
health,emissions,36
health,flood,30
health,natural,49
health,scale,10
health,based,13
health,mean,19
health,example,34
health,reduce,23
health,sustainable,34
health,resilience,17
health,technology,10
communities,sustainable,38
communities,cop,59
communities,risk,70
communities,flood,106
communities,reduce,31
communities,resilience,55
communities,natural,24
communities,based,23
communities,example,26
communities,adaptation,30
communities,scale,21
communities,emissions,25
communities,technology,13
communities,finance,25
communities,mean,16
communities,green,50
communities,progress,15
green,finance,234
green,sustainable,103
green,cop,90
green,adaptation,31
green,progress,36
green,example,83
green,risk,51
green,emissions,103
green,flood,30
green,reduce,42
green,technology,53
green,natural,53
green,resilience,26
green,mean,43
green,scale,40
green,based,35
cop,finance,206
cop,progress,147
cop,natural,15
cop,scale,32
cop,risk,30
cop,based,45
cop,emissions,153
cop,adaptation,122
cop,resilience,48
cop,reduce,24
cop,example,23
cop,sustainable,35
cop,technology,8
cop,flood,5
cop,mean,31
finance,progress,90
finance,scale,61
finance,sustainable,72
finance,resilience,74
finance,natural,31
finance,reduce,14
finance,risk,85
finance,based,44
finance,adaptation,243
finance,emissions,92
finance,example,59
finance,flood,8
finance,technology,29
finance,mean,28
sustainable,natural,28
sustainable,adaptation,15
sustainable,emissions,47
sustainable,reduce,23
sustainable,progress,24
sustainable,resilience,29
sustainable,mean,21
sustainable,risk,22
sustainable,flood,21
sustainable,based,22
sustainable,technology,48
sustainable,example,39
sustainable,scale,27
progress,flood,7
progress,risk,14
progress,adaptation,71
progress,emissions,72
progress,example,16
progress,scale,36
progress,resilience,11
progress,based,21
progress,reduce,11
progress,technology,7
progress,mean,20
progress,natural,7
scale,based,25
scale,natural,20
scale,risk,18
scale,example,32
scale,resilience,10
scale,adaptation,30
scale,technology,40
scale,flood,7
scale,emissions,30
scale,reduce,10
scale,mean,36
based,adaptation,25
based,emissions,60
based,technology,22
based,reduce,25
based,flood,8
based,resilience,23
based,mean,37
based,example,34
based,natural,21
based,risk,19
resilience,adaptation,125
resilience,risk,34
resilience,flood,70
resilience,example,21
resilience,emissions,38
resilience,technology,8
resilience,mean,15
resilience,natural,31
resilience,reduce,17
emissions,flood,49
emissions,adaptation,64
emissions,reduce,221
emissions,mean,56
emissions,risk,31
emissions,natural,15
emissions,technology,34
emissions,example,51
natural,example,28
natural,adaptation,20
natural,risk,36
natural,flood,37
natural,reduce,16
natural,technology,19
natural,mean,11
reduce,risk,41
reduce,flood,38
reduce,example,36
reduce,technology,22
reduce,adaptation,15
reduce,mean,13
risk,flood,169
risk,adaptation,28
risk,example,39
risk,technology,23
risk,mean,29
adaptation,example,23
adaptation,mean,17
adaptation,flood,26
adaptation,technology,6
example,flood,35
example,mean,66
example,technology,34
flood,technology,9
flood,mean,12
mean,technology,23
